{"10_24_2016_10_26_14_7":{"_id":"580e2e97edf6457e287567d7","session":"10_24_2016_10_26_14","name":"ges_7","ges_id":7,"type":"db","data":{"emg_time":[10,10,10,10,10,10,10,10,10,10,10,10,10,10,10,10,10,10,10,10,10,10,10,10,10,10,10,10,10,10,10,10,10,10,10,10,10,10,10,10,10,10,10,10,10,10,10],"emg_8":[1,1,1,1,1,1,1,1,1,1,1,1,1,1,1,1,1,1,1,1,1,1,1,1,1,1,1,1,1,1,1,1,1,1,1,1,1,1,1,1,1,1,1,1,1,1,1],"emg_7":[1,1,1,1,1,1,1,1,1,1,1,1,1,1,1,1,1,1,1,1,1,1,1,1,1,1,1,1,1,1,1,1,1,1,1,1,1,1,1,1,1,1,1,1,1,1,1],"emg_6":[1,1,1,1,1,1,1,1,1,1,1,1,1,1,1,1,1,1,1,1,1,1,1,1,1,1,1,1,1,1,1,1,1,1,1,1,1,1,1,1,1,1,1,1,1,1,1],"emg_5":[1,1,1,1,1,1,1,1,1,1,1,1,1,1,1,1,1,1,1,1,1,1,1,1,1,1,1,1,1,1,1,1,1,1,1,1,1,1,1,1,1,1,1,1,1,1,1],"emg_4":[1,1,1,1,1,1,1,1,1,1,1,1,1,1,1,1,1,1,1,1,1,1,1,1,1,1,1,1,1,1,1,1,1,1,1,1,1,1,1,1,1,1,1,1,1,1,1],"emg_3":[1,1,1,1,1,1,1,1,1,1,1,1,1,1,1,1,1,1,1,1,1,1,1,1,1,1,1,1,1,1,0,1,1,1,1,1,1,1,1,1,1,1,1,1,1,1,1],"emg_2":[1,1,1,1,1,1,1,1,1,1,1,1,1,1,1,1,1,1,1,1,1,1,1,1,1,1,1,1,1,1,1,1,1,1,0,1,1,1,1,1,1,1,1,1,1,1,1],"emg_1":[1,1,1,1,1,1,1,1,1,1,1,1,1,1,1,1,1,1,1,1,1,1,1,1,1,1,1,1,1,1,1,1,1,1,1,1,1,1,1,1,1,1,1,1,1,1,1],"orien_time":[10,10,10,10,10,10,10,10,10,10,10,10,10,10,10,10,10,10,10,10,10,10,10,10,10,10,10,10,10,10,10,10,10,10,10,10,10,10,10,10,10,10,10,10,10,10,10],"orien_w":[0.488686,0.461562,0.86128,0.873875,0.645166,0.110673,0.789297,0.422449,0.734904,0.500623,0.240768,0.771688,0.537655,0.129275,0.76141,0.407532,0.760666,0.018792,0.216761,0.26344,0.876452,0.788372,0.716108,0.402024,0.706988,0.690209,0.073833,0.084983,0.906848,0.503915,0.039943,0.492235,0.023156,0.040837,0.764508,0.845314,0.30842,0.682684,0.792991,0.286039,0.310515,0.503771,0.707808,0.120427,0.992419,0.443901,0.084441],"orien_z":[0.164313,0.336805,0.855179,0.095766,0.765679,0.73253,0.948632,0.319441,0.904064,0.318007,0.992681,0.927965,0.711719,0.688543,0.079367,0.635174,0.479205,0.010042,0.757897,0.85383,0.379425,0.326814,0.589469,0.801041,0.886788,0.130779,0.430163,0.587573,0.912516,0.525765,0.421621,0.481749,0.979004,0.521621,0.690212,0.571739,0.835477,0.727004,0.284604,0.785435,0.021955,0.266276,0.532037,0.616728,0.5068,0.88805,0.921146],"orien_y":[0.614498,0.153819,0.031068,0.590134,0.911045,0.044518,0.945612,0.989041,0.92329,0.248396,0.830451,0.968527,0.885238,0.477897,0.789508,0.82437,0.291204,0.823431,0.037546,0.90128,0.132099,0.429066,0.847342,0.883929,0.336249,0.394226,0.425034,0.166343,0.853753,0.239156,0.421621,0.448335,0.149857,0.987483,0.998008,0.264804,0.817657,0.292238,0.330122,0.68385,0.5201,0.97786,0.310693,0.536721,0.422023,0.694038,0.290246],"orien_x":[0.869726,0.574163,0.045729,0.48762,0.736102,0.915138,0.834122,0.015298,0.924308,0.561486,0.00756,0.394538,0.413259,0.352168,0.660758,0.87455,0.80193,0.169719,0.731005,0.861405,0.875539,0.506037,0.372133,0.772741,0.917318,0.616968,0.999603,0.883061,0.333525,0.69823,0.755651,0.898496,0.946191,0.381804,0.766719,0.056139,0.983955,0.225438,0.214894,0.337128,0.181111,0.204062,0.473059,0.517245,0.9729,0.385497,0.678622],"gyro_z":[0.827788,0.280031,0.913815,0.060602,0.465751,0.756039,0.693345,0.458105,0.375846,0.573029,0.473756,0.895712,0.760283,0.334542,0.202449,0.744702,0.631661,0.540297,0.004754,0.024266,0.508469,0.168968,0.04085,0.586155,0.312296,0.267158,0.875589,0.537189,0.707766,0.500035,0.782514,0.226518,0.025123,0.573985,0.968581,0.168508,0.706474,0.218043,0.243613,0.923115,0.547667,0.074284,0.362665,0.907514,0.077264,0.230345,0.842514],"gyro_y":[0.893259,0.386732,0.328843,0.527134,0.265219,0.920138,0.927029,0.5837,0.452827,0.785438,0.08978,0.780037,0.054025,0.939144,0.864816,0.014184,0.89511,0.387087,0.516796,0.93452,0.447828,0.708214,0.892928,0.574375,0.28728,0.121826,0.916912,0.279367,0.371509,0.310967,0.195051,0.835827,0.133874,0.608641,0.655065,0.135339,0.665172,0.556203,0.431558,0.394644,0.36211,0.525063,0.997852,0.535811,0.130224,0.797525,0.726225],"gyro_x":[0.27758,0.972346,0.524475,0.047738,0.240975,0.949086,0.970201,0.494289,0.968996,0.794369,0.38543,0.737943,0.817322,0.592671,0.054172,0.325895,0.463568,0.549828,0.695092,0.990938,0.578028,0.054478,0.445791,0.732286,0.311666,0.480826,0.152677,0.562617,0.034181,0.597182,0.575487,0.976841,0.322627,0.426319,0.890144,0.388467,0.723665,0.041203,0.605475,0.927073,0.686368,0.100827,0.882189,0.163185,0.09878,0.176432,0.207622],"gyro_time":[10,10,10,10,10,10,10,10,10,10,10,10,10,10,10,10,10,10,10,10,10,10,10,10,10,10,10,10,10,10,10,10,10,10,10,10,10,10,10,10,10,10,10,10,10,10,10],"accel_z":[0.219582,0.323518,0.318155,0.684535,0.08566,0.506155,0.956891,0.594697,0.656899,0.290924,0.634178,0.019162,0.197426,0.144424,0.403713,0.202559,0.676403,0.96058,0.777685,0.574779,0.001227,0.890687,0.052974,0.006896,0.063686,0.744223,0.276532,0.297778,0.944847,0.433784,0.18759,0.284753,0.569907,0.977455,0.54052,0.040834,0.726349,0.93906,0.358012,0.891327,0.229521,0.915487,0.4944,0.36833,0.380317,0.939895,0.793073],"accel_y":[0.778769,0.965518,0.957935,0.665448,0.488196,0.988477,0.43977,0.376619,0.325561,0.747571,0.772708,0.861136,0.108911,0.190519,0.636784,0.343301,0.047837,0.761105,0.14313,0.79597,0.984666,0.692869,0.577836,0.072225,0.862529,0.400929,0.016651,0.629141,0.39631,0.949895,0.222485,0.832439,0.680547,0.740112,0.334254,0.028592,0.312014,0.345442,0.120821,0.826508,0.114398,0.081959,0.971631,0.915629,0.720004,0.828207,0.551522],"accel_x":[0.811326,0.245409,0.752947,0.453992,0.309987,0.460295,0.22575,0.907787,0.368796,0.969135,0.768829,0.539207,0.754616,0.755562,0.067931,0.073158,0.177782,0.713806,0.238531,0.574968,0.955251,0.031987,0.663593,0.986337,0.377951,0.54653,0.589033,0.117295,0.073166,0.048966,0.691563,0.935041,0.194761,0.75156,0.620157,0.947024,0.096987,0.398145,0.830743,0.065526,0.315687,0.638458,0.870191,0.147298,0.98676,0.910897,0.661612],"accel_time":[10,10,10,10,10,10,10,10,10,10,10,10,10,10,10,10,10,10,10,10,10,10,10,10,10,10,10,10,10,10,10,10,10,10,10,10,10,10,10,10,10,10,10,10,10,10,10]},"time":"1477324438.99999","myo_id":"myo_2","time_entered":1477324439424,"date":"2016-10-24T15:53:59.424Z"},"10_24_2016_10_26_14_8":{"_id":"580e2e98edf6457e287567d8","session":"10_24_2016_10_26_14","name":"ges_8","ges_id":8,"type":"db","data":{"emg_time":[10,10,10,10,38.359371,10,10,10,10,10,10,10,10,10,10,10,10,10,10,10,10,10,10,10,10,10,10,10,10,10,10,10,10,10,10,10,10,10,10,10,10,10,10,10,10],"emg_8":[1,1,1,1,1,1,1,1,1,1,1,1,1,1,1,1,1,1,1,1,1,1,1,1,1,1,1,1,1,1,1,1,1,1,1,1,1,1,1,1,1,1,1,1,1],"emg_7":[1,1,1,1,1,1,1,1,1,1,1,1,1,1,1,1,1,1,1,1,1,1,1,1,1,1,1,1,1,1,1,1,1,1,1,1,1,1,1,1,1,1,1,1,1],"emg_6":[1,1,1,1,1,1,1,1,1,1,1,1,1,1,1,1,1,1,1,1,1,1,1,1,1,1,1,1,1,1,1,1,1,1,1,1,1,1,1,1,1,1,1,1,1],"emg_5":[1,1,1,1,1,1,1,1,1,1,1,1,1,1,1,1,1,1,1,1,1,1,1,1,1,1,1,1,1,1,1,1,1,1,1,1,1,1,1,1,1,1,1,1,1],"emg_4":[1,1,1,1,1,1,1,0,1,1,1,1,1,1,1,1,1,1,1,1,1,1,1,1,1,1,1,1,1,1,1,1,1,1,1,1,1,1,1,1,1,1,1,1,1],"emg_3":[1,1,1,1,1,1,1,1,1,1,1,1,1,1,1,1,1,1,1,1,1,1,1,1,1,1,1,1,1,1,1,1,1,1,1,1,1,1,1,1,1,1,1,1,1],"emg_2":[1,1,1,1,1,1,1,1,1,1,1,1,1,1,1,1,1,1,1,1,1,1,1,1,1,1,1,1,1,1,1,1,1,1,1,1,1,1,1,1,1,1,1,1,1],"emg_1":[1,1,1,1,1,1,1,1,1,1,1,1,1,1,1,1,1,1,1,1,1,1,1,1,1,1,1,1,1,1,1,1,1,1,1,1,1,1,1,1,1,1,1,1,1],"orien_time":[10,10,10,10,38.359371,10,10,10,10,10,10,10,10,10,10,10,10,10,10,10,10,10,10,10,10,10,10,10,10,10,10,10,10,10,10,10,10,10,10,10,10,10,10,10,10],"orien_w":[0.869911,0.057349,0.714791,0.517892,0.444689,0.809079,0.859467,0.108399,0.223529,0.057591,0.857126,0.943053,0.991836,0.629587,0.850335,0.037428,0.8119,0.336864,0.079575,0.960203,0.427914,0.9664,0.728944,0.704701,0.868341,0.900394,0.536606,0.952036,0.353199,0.640948,0.658342,0.52322,0.499578,0.382214,0.148772,0.049521,0.93507,0.647033,0.571773,0.736838,0.613389,0.591021,0.587695,0.052167,0.229892],