{
	"filetype" : "zsa.dist",
	"fileformat" : 1,
	"data" : [ 		{
			"key" : 0,
			"values" : [ 0.0, 0.0, 0.0, 0.0, 0.0, 0.0, 0.0, 0.0, 0.0 ]
		}
, 		{
			"key" : 1,
			"values" : [ 3.8, -3.5, 3.6, -1.5, 0.9, -0.8, 0.8, -0.3, 0.4 ]
		}
, 		{
			"key" : 2,
			"values" : [ 6.1, -3.5, 3.4, -1.1, 1.5, -0.4, 0.9, 0.0, 0.7 ]
		}
, 		{
			"key" : 3,
			"values" : [ 6.5, -1.8, 2.2, -0.9, 0.0, -0.5, 0.3, -0.1, 0.4 ]
		}
, 		{
			"key" : 4,
			"values" : [ 8.0, -1.3, 0.7, -0.7, 0.6, 0.1, 0.3, -0.5, 0.0 ]
		}
, 		{
			"key" : 5,
			"values" : [ 8.1, -4.7, -0.4, 1.1, 2.1, -0.4, -0.6, -0.6, 0.2 ]
		}
, 		{
			"key" : 6,
			"values" : [ 6.7, -8.0, -0.2, 3.1, 1.8, -1.7, -0.3, -0.4, -0.5 ]
		}
, 		{
			"key" : 7,
			"values" : [ 6.1, -9.1, 0.8, 4.4, 1.0, -3.4, -0.4, 0.6, 0.1 ]
		}
, 		{
			"key" : 8,
			"values" : [ 5.2, -11.1, 1.9, 5.5, 1.3, -4.2, -0.3, 1.6, 0.8 ]
		}
, 		{
			"key" : 9,
			"values" : [ 7.1, -11.400001, 0.0, 3.0, 3.3, -2.0, -0.3, 0.3, 0.6 ]
		}
, 		{
			"key" : 10,
			"values" : [ 10.3, -8.8, 1.2, 4.1, 5.0, -1.0, -0.7, -0.1, 0.9 ]
		}
, 		{
			"key" : 11,
			"values" : [ 11.7, -6.6, 0.9, 3.9, 5.6, 0.1, -1.5, -0.8, 0.9 ]
		}
, 		{
			"key" : 12,
			"values" : [ 10.1, -5.1, 2.1, 1.7, 3.7, -0.7, -0.9, -0.8, 0.7 ]
		}
, 		{
			"key" : 13,
			"values" : [ 8.900001, -3.6, 2.8, 1.7, 2.3, -1.4, -0.4, 0.3, 1.1 ]
		}
, 		{
			"key" : 14,
			"values" : [ 6.6, -5.3, 1.4, 2.1, 2.8, -0.6, -0.8, 0.8, 1.7 ]
		}
, 		{
			"key" : 15,
			"values" : [ 5.0, -4.6, 1.1, 0.6, 1.6, -0.1, -0.6, 0.1, 1.0 ]
		}
, 		{
			"key" : 16,
			"values" : [ 7.5, -4.7, 1.0, -0.9, 1.8, -0.1, -0.3, -0.7, 0.5 ]
		}
, 		{
			"key" : 17,
			"values" : [ 8.7, -6.5, -0.1, -0.5, 2.9, 0.2, -0.6, -1.1, 0.3 ]
		}
, 		{
			"key" : 18,
			"values" : [ 8.6, -9.0, -1.4, 1.0, 4.3, 0.5, -1.2, -1.9, -0.4 ]
		}
, 		{
			"key" : 19,
			"values" : [ 7.6, -7.6, -1.6, 0.1, 4.4, 1.4, -0.9, -1.6, 0.2 ]
		}
, 		{
			"key" : 20,
			"values" : [ 6.1, -4.9, 1.3, 0.0, 2.5, 1.0, 0.1, -0.5, 0.0 ]
		}
, 		{
			"key" : 21,
			"values" : [ 8.1, -4.8, -0.2, -1.8, 1.8, 1.1, 1.4, -0.4, -0.3 ]
		}
, 		{
			"key" : 22,
			"values" : [ 9.7, -8.2, -3.7, -0.5, 4.2, 1.4, -0.6, -0.9, 0.6 ]
		}
, 		{
			"key" : 23,
			"values" : [ 9.400001, -10.0, -3.9, 2.2, 4.2, 0.4, -1.2, -1.4, -0.9 ]
		}
, 		{
			"key" : 24,
			"values" : [ 8.6, -11.400001, -2.5, 4.3, 3.4, -1.1, -0.9, -1.4, -2.1 ]
		}
, 		{
			"key" : 25,
			"values" : [ 7.7, -11.5, -0.7, 4.8, 2.0, -2.6, -0.4, -0.2, -1.1 ]
		}
, 		{
			"key" : 26,
			"values" : [ 7.0, -11.400001, 0.7, 5.4, 0.9, -3.5, 0.1, 1.1, -0.1 ]
		}
, 		{
			"key" : 27,
			"values" : [ 4.8, -11.5, 0.4, 5.9, 1.1, -3.5, -0.1, 1.2, -0.5 ]
		}
, 		{
			"key" : 28,
			"values" : [ 0.0, -11.0, 0.9, 4.8, 2.1, -3.7, -0.5, 1.6, -0.6 ]
		}
, 		{
			"key" : 29,
			"values" : [ -2.9, -10.900001, 2.0, 4.1, 1.8, -3.6, -1.0, 1.9, 0.0 ]
		}
, 		{
			"key" : 30,
			"values" : [ 7.4, -8.7, 4.3, 7.6, 1.3, -3.4, -0.3, 1.2, 0.1 ]
		}
, 		{
			"key" : 31,
			"values" : [ 6.6, -10.900001, 3.5, 6.9, 0.2, -3.5, -0.1, 2.0, 0.7 ]
		}
, 		{
			"key" : 32,
			"values" : [ 5.5, -12.2, 2.9, 6.4, -0.5, -4.7, -0.2, 2.2, 1.0 ]
		}
, 		{
			"key" : 33,
			"values" : [ 8.1, -7.9, 4.1, 5.3, 1.8, -3.0, 0.7, 1.3, 0.4 ]
		}
, 		{
			"key" : 34,
			"values" : [ 8.6, -5.7, 4.0, 4.4, 2.0, -2.1, 0.7, 1.0, 0.1 ]
		}
, 		{
			"key" : 35,
			"values" : [ 6.6, -5.6, 3.0, 2.6, 1.5, -1.7, 0.6, 0.7, 0.3 ]
		}
, 		{
			"key" : 36,
			"values" : [ 3.1, -9.1, 3.0, 4.9, 1.8, -3.8, -0.7, 2.0, 0.7 ]
		}
, 		{
			"key" : 37,
			"values" : [ -2.8, -9.900001, 4.0, 4.9, 1.9, -3.2, -1.7, 2.1, 1.2 ]
		}
, 		{
			"key" : 38,
			"values" : [ 4.4, -7.1, 0.6, 5.8, 0.7, -2.4, -0.2, 2.1, 0.6 ]
		}
, 		{
			"key" : 39,
			"values" : [ 8.5, -10.7, 3.5, 7.3, 1.5, -3.7, -0.5, 1.0, 1.5 ]
		}
, 		{
			"key" : 40,
			"values" : [ 9.400001, -8.8, 3.6, 6.6, 1.9, -4.3, -0.5, 1.4, 1.0 ]
		}
, 		{
			"key" : 41,
			"values" : [ 6.1, -7.0, 2.0, 3.3, 1.7, -2.3, -0.3, 0.9, 0.9 ]
		}
, 		{
			"key" : 42,
			"values" : [ 9.2, -5.8, 0.9, 1.3, 3.2, -0.3, -0.2, -1.2, -0.7 ]
		}
, 		{
			"key" : 43,
			"values" : [ 10.2, -7.3, -1.0, 1.4, 5.2, 1.2, -0.4, -1.6, -0.5 ]
		}
, 		{
			"key" : 44,
			"values" : [ 7.1, -6.3, 0.5, 0.2, 2.3, -0.1, 0.6, 0.0, 0.4 ]
		}
, 		{
			"key" : 45,
			"values" : [ 6.8, -12.2, 0.6, 5.3, 2.4, -3.2, -0.7, 0.9, 1.1 ]
		}
, 		{
			"key" : 46,
			"values" : [ 5.4, -9.7, -0.8, 6.1, 2.2, -2.8, -1.0, 1.2, 0.6 ]
		}
, 		{
			"key" : 47,
			"values" : [ 8.0, -6.4, 2.5, 3.0, 3.0, -2.1, -0.6, 0.4, 1.4 ]
		}
, 		{
			"key" : 48,
			"values" : [ 9.5, -5.0, 3.2, 3.5, 3.0, -2.1, -0.9, 0.2, 1.4 ]
		}
, 		{
			"key" : 49,
			"values" : [ 3.5, -2.5, -0.1, 1.1, 1.1, -0.1, -0.2, -0.2, 0.7 ]
		}
, 		{
			"key" : 50,
			"values" : [ 6.7, -5.9, -0.8, 3.5, 3.1, -0.6, -1.2, -0.3, 0.7 ]
		}
, 		{
			"key" : 51,
			"values" : [ 7.2, -9.0, -0.3, 3.8, 3.4, -1.5, -1.1, 0.0, 0.6 ]
		}
, 		{
			"key" : 52,
			"values" : [ 7.7, -10.900001, -2.1, 2.9, 4.2, -0.8, -1.3, -1.1, 0.1 ]
		}
, 		{
			"key" : 53,
			"values" : [ 7.2, -6.7, 0.4, 0.8, 3.7, -0.2, -0.8, -0.9, 0.7 ]
		}
, 		{
			"key" : 54,
			"values" : [ 6.1, -3.2, 1.9, 0.7, 1.9, 0.2, 0.4, 0.3, 0.7 ]
		}
, 		{
			"key" : 55,
			"values" : [ 8.2, -2.6, 2.3, 0.3, 1.7, 0.5, 0.6, 0.1, 0.7 ]
		}
, 		{
			"key" : 56,
			"values" : [ 7.0, -4.2, -2.5, -0.7, 1.9, 0.8, 0.0, -1.0, 0.0 ]
		}
, 		{
			"key" : 57,
			"values" : [ 6.3, -5.9, -1.7, 0.5, 2.9, 1.1, -0.5, -1.0, 0.2 ]
		}
, 		{
			"key" : 58,
			"values" : [ 0.5, -9.3, 3.6, 4.7, 1.6, -3.4, -1.4, 2.2, 1.3 ]
		}
, 		{
			"key" : 59,
			"values" : [ -5.1, -10.6, 3.6, 4.1, 1.5, -3.1, -2.1, 1.9, 1.5 ]
		}
, 		{
			"key" : 60,
			"values" : [ 2.7, -11.400001, 1.9, 5.9, 1.1, -5.2, -0.5, 2.5, 0.7 ]
		}
, 		{
			"key" : 61,
			"values" : [ 10.400001, -8.900001, 5.0, 7.1, -0.1, -4.9, -0.6, 1.4, 0.9 ]
		}
, 		{
			"key" : 62,
			"values" : [ 12.3, -7.7, 3.2, 5.8, -0.7, -4.4, 0.3, 2.1, 0.8 ]
		}
, 		{
			"key" : 63,
			"values" : [ 7.5, -4.0, 3.1, 4.1, 1.4, -1.6, -0.1, 0.9, 0.3 ]
		}
, 		{
			"key" : 64,
			"values" : [ 6.6, -6.5, 3.7, 5.5, 1.3, -3.8, -1.1, 1.7, 0.7 ]
		}
, 		{
			"key" : 65,
			"values" : [ 12.7, -6.2, 4.6, 6.0, 1.2, -5.2, -1.1, 1.2, 0.6 ]
		}
, 		{
			"key" : 66,
			"values" : [ 11.7, -4.6, 4.5, 5.2, 1.3, -4.1, -1.3, 0.6, 0.5 ]
		}
, 		{
			"key" : 67,
			"values" : [ 10.6, -3.3, 4.4, 3.9, 1.8, -2.7, -0.9, 0.2, 0.4 ]
		}
, 		{
			"key" : 68,
			"values" : [ 7.8, -10.7, -2.3, 2.7, 5.1, 1.3, -1.2, -2.3, -0.1 ]
		}
, 		{
			"key" : 69,
			"values" : [ 8.400001, -6.0, -3.1, 0.0, 3.1, 1.0, -0.4, -1.4, -0.2 ]
		}
, 		{
			"key" : 70,
			"values" : [ 8.900001, -9.6, -4.6, 0.5, 5.0, 1.5, -0.9, -1.9, -0.5 ]
		}
, 		{
			"key" : 71,
			"values" : [ 9.1, -8.5, -3.0, -0.5, 4.8, 1.8, -0.5, -2.2, -0.8 ]
		}
, 		{
			"key" : 72,
			"values" : [ 3.4, -3.7, 1.6, 0.6, 0.2, -0.3, 0.6, -0.5, 0.6 ]
		}
, 		{
			"key" : 73,
			"values" : [ 5.7, -0.7, 2.0, 1.4, 0.0, -0.7, 0.7, -0.6, 1.0 ]
		}
, 		{
			"key" : 74,
			"values" : [ 8.6, -6.1, -1.8, -2.4, 2.1, 1.4, 1.3, -0.8, -0.5 ]
		}
, 		{
			"key" : 75,
			"values" : [ 9.7, -6.7, -3.3, -3.4, 2.2, 2.3, 2.1, -0.4, -0.3 ]
		}
, 		{
			"key" : 76,
			"values" : [ 9.3, -11.3, -4.9, 1.7, 5.5, 1.2, -1.5, -2.2, -0.1 ]
		}
, 		{
			"key" : 77,
			"values" : [ 10.6, -5.0, -0.4, 0.2, 3.8, 0.7, -0.5, -1.3, 0.2 ]
		}
, 		{
			"key" : 78,
			"values" : [ 8.1, -12.3, -3.8, 2.6, 5.0, 1.0, -1.9, -2.6, 0.3 ]
		}
, 		{
			"key" : 79,
			"values" : [ 8.900001, -5.0, -0.5, 2.2, 4.4, 0.9, -1.7, -1.3, 0.6 ]
		}
, 		{
			"key" : 80,
			"values" : [ 11.0, -3.7, 1.0, 2.3, 4.5, 0.2, -1.8, -1.7, 0.2 ]
		}
, 		{
			"key" : 81,
			"values" : [ 11.2, -5.5, -0.1, 2.2, 5.5, 1.2, -1.2, -1.9, -0.1 ]
		}
, 		{
			"key" : 82,
			"values" : [ 4.1, -12.5, -0.1, 7.2, 1.1, -2.5, -1.3, 0.2, 0.4 ]
		}
, 		{
			"key" : 83,
			"values" : [ 8.2, -8.6, 2.2, 5.2, 2.7, -3.3, -0.4, 1.2, 0.7 ]
		}
, 		{
			"key" : 84,
			"values" : [ 8.400001, -6.5, 2.1, 5.0, 2.8, -2.3, -0.5, 0.8, 0.5 ]
		}
, 		{
			"key" : 85,
			"values" : [ 7.9, -4.4, 0.7, 4.9, 2.7, -0.7, -1.0, 0.0, 0.0 ]
		}
, 		{
			"key" : 86,